{"content":[],"settings":{"template":"default","system_colors":[{"_id":"primary","title":"Primary","color":"#FF9900"},{"_id":"secondary","title":"Secondary","color":"#F80000"},{"_id":"text","title":"Text","color":"#000000"},{"_id":"accent","title":"Accent","color":"#C4C4C4"}],"custom_colors":[],"system_typography":[{"_id":"primary","title":"Primary","typography_typography":"custom","typography_font_family":"Roboto","typography_font_weight":"600"},{"_id":"secondary","title":"Secondary","typography_typography":"custom","typography_font_family":"Roboto","typography_font_weight":"400"},{"_id":"text","title":"Text","typography_typography":"custom","typography_font_family":"Roboto","typography_font_weight":"400","typography_font_size":{"unit":"px","size":16,"sizes":[]},"typography_line_height":{"unit":"px","size":32,"sizes":[]}},{"_id":"accent","title":"Accent","typography_typography":"custom","typography_font_family":"Roboto","typography_font_weight":"500"}],"custom_typography":[{"_id":"72a40dc","title":"Work San","typography_typography":"custom","typography_font_family":"Work Sans","typography_font_size":{"unit":"px","size":16,"sizes":[]},"typography_font_weight":"400","typography_line_height":{"unit":"px","size":32,"sizes":[]}},{"_id":"8b35091","title":"Open San","typography_typography":"custom","typography_font_family":"Open Sans","typography_font_size":{"unit":"px","size":16,"sizes":[]},"typography_font_weight":"400","typography_line_height":{"unit":"px","size":32,"sizes":[]}},{"_id":"00c5475","title":"Lora","typography_typography":"custom","typography_font_family":"Lora","typography_font_size":{"unit":"px","size":16,"sizes":[]},"typography_font_weight":"400","typography_line_height":{"unit":"px","size":32,"sizes":[]}}],"default_generic_fonts":"Sans-serif","body_color":"#000000","body_typography_typography":"custom","body_typography_font_family":"Roboto","body_typography_font_size":{"unit":"px","size":16,"sizes":[]},"body_typography_font_weight":"400","body_typography_line_height":{"unit":"px","size":32,"sizes":[]},"h1_typography_typography":"custom","h1_typography_font_size":{"unit":"rem","size":2.5,"sizes":[]},"h1_typography_font_weight":"700","h2_typography_typography":"custom","h2_typography_font_size":{"unit":"rem","size":2,"sizes":[]},"h2_typography_font_weight":"700","h3_typography_typography":"custom","h3_typography_font_size":{"unit":"rem","size":1.75,"sizes":[]},"h3_typography_font_weight":"700","h4_typography_typography":"custom","h4_typography_font_size":{"unit":"rem","size":1.5,"sizes":[]},"h4_typography_font_weight":"700","h5_typography_typography":"custom","h5_typography_font_size":{"unit":"rem","size":1.25,"sizes":[]},"h5_typography_font_weight":"700","h6_typography_typography":"custom","h6_typography_font_size":{"unit":"rem","size":1,"sizes":[]},"h6_typography_font_weight":"700","button_text_color":"#FFFFFF","button_border_border":"none","button_border_radius":{"unit":"px","top":"0","right":"0","bottom":"0","left":"0","isLinked":true},"button_padding":{"unit":"px","top":"10","right":"10","bottom":"10","left":"10","isLinked":true},"page_title_selector":"h1.entry-title","hello_footer_copyright_text":"All rights reserved","body_typography_font_size_tablet":{"unit":"rem","size":1.25,"sizes":[]},"body_typography_font_size_mobile":{"unit":"rem","size":1,"sizes":[]},"h1_typography_font_size_tablet":{"unit":"rem","size":2.25,"sizes":[]},"h1_typography_font_size_mobile":{"unit":"rem","size":2,"sizes":[]},"h2_typography_font_size_tablet":{"unit":"rem","size":1.75,"sizes":[]},"h2_typography_font_size_mobile":{"unit":"rem","size":1.5,"sizes":[]},"h3_typography_font_size_tablet":{"unit":"rem","size":1.5,"sizes":[]},"h3_typography_font_size_mobile":{"unit":"rem","size":1.25,"sizes":[]},"h4_typography_font_size_tablet":{"unit":"rem","size":1.25,"sizes":[]},"h4_typography_font_size_mobile":{"unit":"rem","size":1,"sizes":[]},"button_padding_tablet":{"unit":"em","top":"1","right":"1","bottom":"1","left":"1","isLinked":true},"button_padding_mobile":{"unit":"em","top":"","right":"","bottom":"","left":"","isLinked":true},"activeItemIndex":1,"__globals__":{"body_color":"globals\/colors?id=text","body_typography_typography":"","button_background_color":"globals\/colors?id=primary","button_hover_background_color":"globals\/colors?id=secondary"},"viewport_md":768,"viewport_lg":1025,"container_width":{"unit":"px","size":1200,"sizes":[]},"container_padding":{"unit":"px","top":"0","right":"0","bottom":"0","left":"0","isLinked":false},"space_between_widgets":{"unit":"px","size":0,"sizes":[]},"container_padding_tablet":{"unit":"px","top":"0","right":"040","bottom":"0","left":"040","isLinked":false},"container_padding_mobile":{"unit":"px","top":"0","right":"20","bottom":"0","left":"20","isLinked":false}},"metadata":[]}